{
  "camera": {
    "loc": [
      -2152.7720888676276,
      178.47860339560543,
      724.6904490098042
    ],
    "rot": [
      -12.999999821186066,
      -4.000001400709152,
      0.0
    ]
  }
}